id;name;surname;userType;mail;department
C61B7138-845C-3E53-CC42-EB7C67ED52B7;Isaac;Thornton;guest;Lorem.ipsum.dolor@fringillaDonec.com;HR
BE09188B-7201-E1BC-AEF9-7B07401F3F47;Otto;Cote;guest;nisl.Maecenas@Cras.co.uk;ICT
769AC889-9B7F-3D1B-C09C-EF9B4413C342;Baker;Gray;member;vehicula.Pellentesque@luctus.com;Marketing
41FA20E6-C902-B686-359F-6AE6F06FD9E4;Ishmael;Mccullough;guest;volutpat@nislarcuiaculis.org;ICT
A92F1FA1-C2E1-88D3-1641-E842766EBE44;Keefe;Patel;member;eget.nisi.dictum@magnaatortor.com;Marketing
B9D8E4E1-5CBF-A135-3298-B14D03F5C2A5;Lyle;Roberson;member;ligula.Nullam@turpisegestas.org;Marketing
7A16CE66-77E2-FEDE-7D12-3108F0603B01;Hilel;Dyer;guest;massa@convallis.edu;Marketing
73428946-CDBC-4EFD-0EB7-1289B22F72A1;Geoffrey;Moss;guest;sodales@faucibusutnulla.ca;HR
C5D8DC3E-8D6C-80B8-B3A9-B40EAB71F05E;Kevin;Copeland;guest;nonummy@nibhQuisquenonummy.net;Production
DB0D9EEB-CFE0-6552-E3CD-3F93FF3D3C9E;Logan;Ortega;member;ligula.consectetuer@mollisneccursus.com;Research
AB6406F3-DEBB-A66F-D38F-B2A491610B40;Alfonso;Merrill;member;tempor@Integersemelit.com;HR
F4FC6FE5-3A28-5F53-BAEC-9400D1E893CA;Blaze;Stone;member;fringilla.mi.lacinia@Maurisblanditenim.com;Research
833598B0-718E-5A81-B740-88F1E8FDC384;Sylvester;Foley;member;imperdiet.nec@arcuSedet.org;Production
524DE6B6-E584-9622-E4C7-3EA0DD606355;Gray;Haney;member;Cras@Morbimetus.com;Research
AD05F290-344E-252E-A402-443C84509341;Micah;Langley;guest;nulla.ante.iaculis@eget.net;ICT
983C8C6A-1B3D-D8BB-EF81-8F070BD1C64B;John;Walls;guest;Integer.urna@adipiscingligulaAenean.edu;Research
1DC8FEE3-1EC0-CDB2-BFBB-5806E932C568;Trevor;Cline;guest;lorem@Pellentesque.edu;ICT
9E4A27AF-D61A-3D85-11E8-AC7E7EDFC85B;Hiram;Juarez;member;amet@mauriserat.ca;Research
33BFB18E-3A18-D610-65E6-5BB39DB6872F;Demetrius;Rivera;guest;egestas.Sed.pharetra@et.com;HR
DCC8A446-50E5-5C01-77F1-E60E52F6ECDA;Oren;Woodard;member;lobortis.ultrices@massa.co.uk;HR
56C1C07D-E5E5-EA7C-BF33-2587E73B6092;Yasir;Boone;guest;nec@massanon.co.uk;Production
369B8919-7854-6B64-C4BC-3354457402DE;Arthur;Meyer;member;ac@nequenonquam.org;Production
7ADB7CF2-92A3-CE23-D3A7-0A3013B54227;Tiger;Marquez;guest;et.malesuada.fames@interdumCurabitur.ca;ICT
F3273DEE-510B-A3C6-810C-770DD25C73E5;Kieran;Hunt;guest;egestas.rhoncus@dapibusligula.ca;HR
0C77A123-E3AE-5933-78FC-E6184986E579;Dante;Guy;guest;odio@Donec.org;Production
18BA6358-DF2F-52CE-EA17-C6F4B565586D;Arsenio;Strong;guest;Ut.nec.urna@Phasellusdolorelit.ca;HR
12E32B3D-D981-DCA2-2D5B-2365CB7E08BE;Holmes;Osborne;member;In.lorem.Donec@semper.edu;HR
4C6530F5-94AF-117E-6BF2-E8A5825433A3;Garth;Herrera;member;dictum@tellusSuspendissesed.edu;Production
4CC8B30E-4423-F60C-7A76-7E5D619802C3;Judah;Clemons;member;Mauris@Namporttitor.net;Marketing
0E5B0714-5C21-9091-D431-ED880D68A97F;Chaim;Rodriquez;member;Phasellus.vitae@aliquam.co.uk;Marketing
B180590B-7D09-058A-9DF8-017D1B1759BB;Murphy;Crawford;member;Donec.vitae@Donec.ca;HR
8131D26B-7391-1332-F761-37254A88D3F0;Chester;Hogan;guest;id.blandit.at@sed.com;Production
31AB8CBE-4A18-1289-751A-F58676EC3D6D;Thor;Hinton;member;adipiscing@urna.co.uk;Production
C917302A-273A-731A-B3AA-278F55366206;Bert;Gillespie;member;sollicitudin.orci.sem@nisiMaurisnulla.org;ICT
999F931A-902D-B292-88D5-67B82DD8660A;Talon;Mclean;guest;metus.vitae.velit@Aliquamornare.org;Production
9A9C78B8-70E2-E218-4319-089CB9B56E3D;Adam;House;member;habitant.morbi@enimMauris.edu;Research
1795C472-004A-19EA-97CF-D5D306EF0303;Rogan;Beasley;member;elit.Curabitur.sed@ullamcorpermagnaSed.net;Production
9096270D-2CF8-BC67-4C75-032875E5B82D;Ulric;Pickett;member;egestas.urna.justo@ante.net;Production
819DAF5D-7940-53CF-811E-3D79A85F3854;Carter;Monroe;member;nec.urna@semperauctor.org;HR
DE1BB424-79EC-3683-6495-C3DBD3623846;Ulric;Hale;guest;Pellentesque.ultricies.dignissim@enimCurabitur.org;Production
DB424107-4D27-4985-AC76-2E416600F66C;Colt;Lucas;guest;Pellentesque@acorciUt.co.uk;HR
4FCADC76-7BBA-EBB0-8621-48773E7C26EB;Barclay;Ballard;member;dolor@tortordictumeu.net;HR
E4D84837-6F51-458D-4EF1-B8937B1A5816;Colt;Rivera;guest;dictum.Phasellus@temporerat.co.uk;Research
8DF78160-5397-FC3C-BEE6-19CA53D3C1DC;Odysseus;Coleman;member;lobortis.augue@Crassed.ca;ICT
A054FD1B-4D16-365A-9DFF-CED2FE9A2451;Jin;David;member;mi.tempor.lorem@accumsanlaoreet.net;ICT
CAE6664A-B678-BB66-F9DB-A9ADB9150B66;Uriel;Bullock;member;vitae.posuere.at@luctus.edu;Marketing
571050E5-919E-DDF3-2EF0-3B51F4917D94;Elvis;Bonner;member;sem.molestie@diam.ca;HR
FB27C0DF-2232-62F6-E923-CB8AF3F50C42;Hashim;Bonner;guest;nunc@acturpisegestas.org;HR
2B4C2FD8-DC1C-2DB0-7E78-7B3F3DBE85A8;Declan;Bradford;member;ipsum@Duisat.net;Marketing
430C68ED-A6A3-D3CD-5FD6-B6DA16D361F2;Ferdinand;Farley;guest;malesuada.fringilla@dolor.net;Production
AD290C6E-8981-B88F-E2A1-C377558C407C;Prescott;Sellers;guest;libero.Proin.sed@iaculis.net;Research
684FA3CD-5A0D-4B0F-126C-424635684726;Oscar;Parsons;guest;velit.in.aliquet@aliquetlobortisnisi.co.uk;ICT
C427687E-B8F8-DF1D-955E-FD2F16D60DF2;Christian;Glover;member;quis.diam.Pellentesque@Pellentesque.edu;Production
75B2AF16-F014-916A-DA07-16072C8FC2F7;Quinn;Crosby;guest;felis.eget@Quisqueporttitoreros.co.uk;Production
7F1FE6B0-D650-FABB-52D2-361E9E4A5D9D;Quamar;Klein;member;porttitor@pellentesquemassa.ca;HR
85E6968E-8271-2837-A7EB-01B29935DCEF;Rajah;Durham;guest;odio@consectetuer.com;Research
A27AA564-1B3D-8ABF-3C75-955A435294BB;Harding;Valdez;member;dapibus.rutrum.justo@quama.com;Research
FAE0A8A4-16D9-7135-E9EB-9F3DF04E952C;Evan;Mclaughlin;guest;odio.Etiam.ligula@porttitorerosnec.net;Production
1FACC715-DAD5-3881-CAD5-957F31D3BA44;Mannix;Christian;member;facilisi@nonsollicitudina.edu;ICT
B4E2219C-0D6E-C3EF-256D-AC8FEFC1AB78;Kasimir;Campos;guest;euismod.urna@Suspendissedui.edu;Production
E59FBB7F-11AF-5BFD-E9D5-E3795C6DDD59;Chadwick;Singleton;guest;nec@ipsum.edu;Production
7AB6E396-FB7A-ED69-A3CE-26B6B6F942CE;Drew;Alford;member;lorem.ipsum@est.com;Research
8B612D66-4AF0-7A83-6B68-4F8194B46C4D;Brennan;Bowers;guest;sollicitudin.orci@Fusce.org;Marketing
8FF985CC-4E9B-DD38-4BFA-2D6654DE49F4;August;Clark;guest;lacus.Aliquam.rutrum@montesnasceturridiculus.edu;Production
77730BB5-2AE0-4005-1DC3-80519DB14FC8;Erasmus;Larson;guest;dictum.magna.Ut@Donecegestas.edu;HR
8F4523B6-4931-C578-14FE-EB2CBDA0D3E8;Louis;Reilly;member;dictum.sapien@Morbi.com;Research
913CA303-A49D-4B9A-0BF0-1730B376FF31;Lev;Bruce;guest;laoreet.libero@lorem.ca;ICT
BF1299CB-E5BB-503F-3C8C-1FE614256DC7;Colt;Park;member;ipsum.primis@consequatenim.co.uk;Marketing
8985A16E-0446-14D0-8BE2-F1CAB9729D49;Brennan;Fry;member;ut.lacus@sitametornare.com;Research
46A6370C-8AD7-9EF6-92E1-A837C4DCDAEE;Martin;Hanson;guest;dictum@orciDonecnibh.edu;HR
47F6A038-C6C8-42BC-FB9B-856018C8C2F2;Nathaniel;Bass;guest;mollis.nec@lacus.org;Production
741614AC-627A-D660-83A5-56932EBC4929;Bernard;Vega;member;aliquet.magna@malesuada.org;ICT
7CA7E7FB-C3D2-80EB-0460-12BF99555FFD;Damon;Gentry;guest;tempus@auctorquistristique.co.uk;HR
72A17A25-548F-921D-E7E9-4FA993CF3936;Hedley;Mayer;member;lacus.Ut@dui.edu;Research
91207B8A-CC70-2211-201E-411B6DB5AB3D;Fuller;Chan;member;Integer.vulputate.risus@Donecelementum.edu;Marketing
842002D8-53A3-3894-9553-F276ED6CD96D;Norman;Kirk;member;sodales.elit.erat@velfaucibus.co.uk;HR
7BD53364-4002-C2B1-9377-973FC6300985;Harding;Austin;guest;Nam.ligula.elit@convallisin.org;Production
3C23E8EC-F298-DCD6-5B47-D72577BB9E9C;Brody;Bender;member;Donec.porttitor.tellus@utsem.org;HR
96C6AFF4-FDA4-DDB0-E274-5D8CEC6209BD;Oliver;Sweet;member;egestas.Duis@vitaesodalesat.co.uk;HR
E9F737AF-3055-557C-9835-1C919BC79282;George;Nichols;member;diam.Sed.diam@rutrumnon.ca;HR
C60C940C-3A9B-3B13-38F7-C22A15FD50C2;Paul;Atkins;guest;diam@odioPhasellusat.com;Marketing
8714FCA3-AABA-980F-E35F-85B72AD650A4;Harrison;Neal;guest;sem@acturpis.com;Marketing
FE9416B1-10B0-1E80-B985-03B0EBEE49B6;Colorado;Silva;member;mus@metusfacilisis.com;Research
4F8B23E5-DE3F-AFF4-83CC-E4C841CE6EC7;Chandler;Spencer;member;orci.in@Aliquamerat.net;Production
0843165B-F8A8-932D-63BB-A0A0A4DEAECE;Cruz;Bowers;member;sagittis@cursus.co.uk;Production
4083FCBA-2640-7751-9B40-5DE792C79571;Armando;Garrison;guest;mauris.Suspendisse.aliquet@CuraePhasellusornare.com;HR
FE595F6F-0B65-5978-BB17-21C202636894;Matthew;Parks;guest;posuere.at@congueelit.org;ICT
5C2AB2C8-8584-0982-B521-AA10B0266C7F;Philip;Flowers;member;eu@ut.com;Production
E2E29B81-1315-B176-D5B0-658E6B5B0E67;Tiger;Marquez;member;Lorem.ipsum.dolor@risusDonec.net;HR
9CFAF88E-9B1B-FB14-2707-58BF4A49DE12;Thaddeus;Atkins;member;dolor@etrutrum.com;HR
9BABA46B-3070-7519-8106-FF7F04949F18;Allistair;Witt;guest;eu.enim@ac.co.uk;Production
73B50D06-52A0-962F-2D04-A048D4A579DE;Blake;Suarez;guest;sem.ut@iaculisaliquet.edu;Production
3C10516B-C35B-B79A-7DAB-DE33CC7BEC0A;Louis;Ingram;member;rutrum.non@sed.co.uk;Marketing
A28D60A0-9E48-5052-746F-8C9237CD3DF2;Logan;Christensen;guest;non@leo.edu;Production
18E45320-9989-9A3F-B4A9-0D84259AF13B;Wayne;Webb;guest;quam.elementum.at@acnulla.org;Marketing
F17CCA63-8522-D254-2C7C-DA61B48AB0F8;Galvin;Kerr;guest;montes@arcuvelquam.com;Production
A93DB4A3-D640-CEC1-8921-F5A95323D3FE;Vladimir;Wong;member;Nam.interdum@Crasvehiculaaliquet.co.uk;HR
D22DC46E-7D19-3329-7B02-820AC4B3B5A9;Herrod;Roberson;guest;mauris@liberoMorbiaccumsan.ca;Production
3D78D7D0-BF61-FA44-72A0-FE7CA57745B6;Howard;Sullivan;guest;orci.lacus@lobortistellus.com;HR
F84136C9-61F3-07DD-98AD-22CF50636B07;Orlando;Chan;guest;convallis@luctus.edu;Marketing
