PartitionKey;RowKey;Timestamp;DeepLink;DeepLink@type;IsDeleted;IsDeleted@type;Name;Name@type;Type;Type@type;GroupType;GroupType@type;ImgUrl;ImgUrl@type;ChildPartitionKey;ChildPartitionKey@type;ChildRowKey;ChildRowKey@type;ParentPartitionKey;ParentPartitionKey@type;ParentRowKey;ParentRowKey@type;ResourceType;ResourceType@type;Department;Department@type;Mail;Mail@type;Surname;Surname@type;UserType;UserType@type
User;U01;2021-01-12T17:35:26.863Z;https://portal.azure.com/#blade/Microsoft_AAD_IAM/UsersManagementMenuBlade/MsGraphUsers;Edm.String;FALSE;Edm.Boolean;Adele;Edm.String;User;Edm.String;;;https://picsum.photos/640/480/?image=361;Edm.String;;;;;;;;;;;Health;Edm.String;AdeleV@contoso.com;Edm.String;Vance;Edm.String;AD user;Edm.String
User;U02;2021-01-12T17:35:26.863Z;https://portal.azure.com/#blade/Microsoft_AAD_IAM/UsersManagementMenuBlade/MsGraphUsers;Edm.String;FALSE;Edm.Boolean;Alex;Edm.String;User;Edm.String;;;https://picsum.photos/640/480/?image=361;Edm.String;;;;;;;;;;;Health;Edm.String;AlexW@contoso.com;Edm.String;Wilber;Edm.String;AD user;Edm.String
User;U03;2021-01-12T17:35:26.863Z;https://portal.azure.com/#blade/Microsoft_AAD_IAM/UsersManagementMenuBlade/MsGraphUsers;Edm.String;FALSE;Edm.Boolean;Allan;Edm.String;User;Edm.String;;;https://picsum.photos/640/480/?image=361;Edm.String;;;;;;;;;;;Health;Edm.String;AllanD@contoso.com;Edm.String;Deyoung;Edm.String;AD user;Edm.String
User;U04;2021-01-12T17:35:26.863Z;https://portal.azure.com/#blade/Microsoft_AAD_IAM/UsersManagementMenuBlade/MsGraphUsers;Edm.String;FALSE;Edm.Boolean;Bianca;Edm.String;User;Edm.String;;;https://picsum.photos/640/480/?image=361;Edm.String;;;;;;;;;;;Health;Edm.String;BiancaP@contoso.com;Edm.String;Pisani;Edm.String;AD user;Edm.String
User;U05;2021-01-12T17:35:26.863Z;https://portal.azure.com/#blade/Microsoft_AAD_IAM/UsersManagementMenuBlade/MsGraphUsers;Edm.String;FALSE;Edm.Boolean;Brian;Edm.String;User;Edm.String;;;https://picsum.photos/640/480/?image=361;Edm.String;;;;;;;;;;;Health;Edm.String;BrianJ@contoso.com;Edm.String;Jhonson;Edm.String;AD user;Edm.String
User;U06;2021-01-12T17:35:26.863Z;https://portal.azure.com/#blade/Microsoft_AAD_IAM/UsersManagementMenuBlade/MsGraphUsers;Edm.String;FALSE;Edm.Boolean;Cameron;Edm.String;User;Edm.String;;;https://picsum.photos/640/480/?image=361;Edm.String;;;;;;;;;;;Health;Edm.String;CameronW@contoso.com;Edm.String;White;Edm.String;AD user;Edm.String
User;U07;2021-01-12T17:35:26.863Z;https://portal.azure.com/#blade/Microsoft_AAD_IAM/UsersManagementMenuBlade/MsGraphUsers;Edm.String;FALSE;Edm.Boolean;Christie;Edm.String;User;Edm.String;;;https://picsum.photos/640/480/?image=361;Edm.String;;;;;;;;;;;Health;Edm.String;ChristieC@contoso.com;Edm.String;Cline;Edm.String;AD user;Edm.String
User;U08;2021-01-12T17:35:26.863Z;https://portal.azure.com/#blade/Microsoft_AAD_IAM/UsersManagementMenuBlade/MsGraphUsers;Edm.String;FALSE;Edm.Boolean;Debra;Edm.String;User;Edm.String;;;https://picsum.photos/640/480/?image=361;Edm.String;;;;;;;;;;;Health;Edm.String;DebraB@contoso.com;Edm.String;Berger;Edm.String;AD user;Edm.String
User;U09;2021-01-12T17:35:26.863Z;https://portal.azure.com/#blade/Microsoft_AAD_IAM/UsersManagementMenuBlade/MsGraphUsers;Edm.String;FALSE;Edm.Boolean;Delia;Edm.String;User;Edm.String;;;https://picsum.photos/640/480/?image=361;Edm.String;;;;;;;;;;;Health;Edm.String;DeliaD@contoso.com;Edm.String;Dennis;Edm.String;AD user;Edm.String
User;U10;2021-01-12T17:35:26.863Z;https://portal.azure.com/#blade/Microsoft_AAD_IAM/UsersManagementMenuBlade/MsGraphUsers;Edm.String;FALSE;Edm.Boolean;Diego;Edm.String;User;Edm.String;;;https://picsum.photos/640/480/?image=361;Edm.String;;;;;;;;;;;Health;Edm.String;DiegoS@contoso.com;Edm.String;Siciliani;Edm.String;AD user;Edm.String
User;U11;2021-01-12T17:35:26.863Z;https://portal.azure.com/#blade/Microsoft_AAD_IAM/UsersManagementMenuBlade/MsGraphUsers;Edm.String;FALSE;Edm.Boolean;Gerhart;Edm.String;User;Edm.String;;;https://picsum.photos/640/480/?image=361;Edm.String;;;;;;;;;;;Health;Edm.String;GerhartM@contoso.com;Edm.String;Moller;Edm.String;AD user;Edm.String
User;U12;2021-01-12T17:35:26.863Z;https://portal.azure.com/#blade/Microsoft_AAD_IAM/UsersManagementMenuBlade/MsGraphUsers;Edm.String;FALSE;Edm.Boolean;Grady;Edm.String;User;Edm.String;;;https://picsum.photos/640/480/?image=361;Edm.String;;;;;;;;;;;Health;Edm.String;GradyA@contoso.com;Edm.String;Archie;Edm.String;AD user;Edm.String
User;U13;2021-01-12T17:35:26.863Z;https://portal.azure.com/#blade/Microsoft_AAD_IAM/UsersManagementMenuBlade/MsGraphUsers;Edm.String;FALSE;Edm.Boolean;Irvin;Edm.String;User;Edm.String;;;https://picsum.photos/640/480/?image=361;Edm.String;;;;;;;;;;;Health;Edm.String;IrvinS@contoso.com;Edm.String;Sayers;Edm.String;AD user;Edm.String
User;U14;2021-01-12T17:35:26.863Z;https://portal.azure.com/#blade/Microsoft_AAD_IAM/UsersManagementMenuBlade/MsGraphUsers;Edm.String;FALSE;Edm.Boolean;Isaiah;Edm.String;User;Edm.String;;;https://picsum.photos/640/480/?image=361;Edm.String;;;;;;;;;;;Health;Edm.String;IsaiahL@contoso.com;Edm.String;Langer;Edm.String;AD user;Edm.String
User;U14;2021-01-12T17:35:26.863Z;https://portal.azure.com/#blade/Microsoft_AAD_IAM/UsersManagementMenuBlade/MsGraphUsers;Edm.String;FALSE;Edm.Boolean;Johanna;Edm.String;User;Edm.String;;;https://picsum.photos/640/480/?image=361;Edm.String;;;;;;;;;;;Health;Edm.String;JohannaL@contoso.com;Edm.String;Lorenz;Edm.String;AD user;Edm.String
User;U15;2021-01-12T17:35:26.863Z;https://portal.azure.com/#blade/Microsoft_AAD_IAM/UsersManagementMenuBlade/MsGraphUsers;Edm.String;FALSE;Edm.Boolean;Joni;Edm.String;User;Edm.String;;;https://picsum.photos/640/480/?image=361;Edm.String;;;;;;;;;;;Health;Edm.String;JoniS@contoso.com;Edm.String;Sherman;Edm.String;AD user;Edm.String
User;U16;2021-01-12T17:35:26.863Z;https://portal.azure.com/#blade/Microsoft_AAD_IAM/UsersManagementMenuBlade/MsGraphUsers;Edm.String;FALSE;Edm.Boolean;Lee;Edm.String;User;Edm.String;;;https://picsum.photos/640/480/?image=361;Edm.String;;;;;;;;;;;Health;Edm.String;LeeG@contoso.com;Edm.String;Gu;Edm.String;AD user;Edm.String
User;U17;2021-01-12T17:35:26.863Z;https://portal.azure.com/#blade/Microsoft_AAD_IAM/UsersManagementMenuBlade/MsGraphUsers;Edm.String;FALSE;Edm.Boolean;Lidia;Edm.String;User;Edm.String;;;https://picsum.photos/640/480/?image=361;Edm.String;;;;;;;;;;;Health;Edm.String;LidiaH@contoso.com;Edm.String;Holoway;Edm.String;AD user;Edm.String
User;U18;2021-01-12T17:35:26.863Z;https://portal.azure.com/#blade/Microsoft_AAD_IAM/UsersManagementMenuBlade/MsGraphUsers;Edm.String;FALSE;Edm.Boolean;Lynne;Edm.String;User;Edm.String;;;https://picsum.photos/640/480/?image=361;Edm.String;;;;;;;;;;;Health;Edm.String;LynneR@contoso.com;Edm.String;Robbins;Edm.String;AD user;Edm.String
User;U19;2021-01-12T17:35:26.863Z;https://portal.azure.com/#blade/Microsoft_AAD_IAM/UsersManagementMenuBlade/MsGraphUsers;Edm.String;FALSE;Edm.Boolean;Mallory;Edm.String;User;Edm.String;;;https://picsum.photos/640/480/?image=361;Edm.String;;;;;;;;;;;Health;Edm.String;MalloryC@contoso.com;Edm.String;Cortez;Edm.String;AD user;Edm.String
User;U20;2021-01-12T17:35:26.863Z;https://portal.azure.com/#blade/Microsoft_AAD_IAM/UsersManagementMenuBlade/MsGraphUsers;Edm.String;FALSE;Edm.Boolean;Megan;Edm.String;User;Edm.String;;;https://picsum.photos/640/480/?image=361;Edm.String;;;;;;;;;;;Health;Edm.String;MeganB@contoso.com;Edm.String;Bowen;Edm.String;AD user;Edm.String
User;U21;2021-01-12T17:35:26.863Z;https://portal.azure.com/#blade/Microsoft_AAD_IAM/UsersManagementMenuBlade/MsGraphUsers;Edm.String;FALSE;Edm.Boolean;Miriam;Edm.String;User;Edm.String;;;https://picsum.photos/640/480/?image=361;Edm.String;;;;;;;;;;;Health;Edm.String;MiriamG@contoso.com;Edm.String;Ghram;Edm.String;AD user;Edm.String
User;U22;2021-01-12T17:35:26.863Z;https://portal.azure.com/#blade/Microsoft_AAD_IAM/UsersManagementMenuBlade/MsGraphUsers;Edm.String;FALSE;Edm.Boolean;Nestor;Edm.String;User;Edm.String;;;https://picsum.photos/640/480/?image=361;Edm.String;;;;;;;;;;;Health;Edm.String;NestorW@contoso.com;Edm.String;Wilke;Edm.String;AD user;Edm.String
User;U23;2021-01-12T17:35:26.863Z;https://portal.azure.com/#blade/Microsoft_AAD_IAM/UsersManagementMenuBlade/MsGraphUsers;Edm.String;FALSE;Edm.Boolean;Patti;Edm.String;User;Edm.String;;;https://picsum.photos/640/480/?image=361;Edm.String;;;;;;;;;;;Health;Edm.String;PattiF@contoso.com;Edm.String;Fernandez;Edm.String;AD user;Edm.String
User;U24;2021-01-12T17:35:26.863Z;https://portal.azure.com/#blade/Microsoft_AAD_IAM/UsersManagementMenuBlade/MsGraphUsers;Edm.String;FALSE;Edm.Boolean;Pradeep;Edm.String;User;Edm.String;;;https://picsum.photos/640/480/?image=361;Edm.String;;;;;;;;;;;Health;Edm.String;PradeepG@contoso.com;Edm.String;Gupta;Edm.String;AD user;Edm.String
User;U25;2021-01-12T17:35:26.863Z;https://portal.azure.com/#blade/Microsoft_AAD_IAM/UsersManagementMenuBlade/MsGraphUsers;Edm.String;FALSE;Edm.Boolean;Raul;Edm.String;User;Edm.String;;;https://picsum.photos/640/480/?image=361;Edm.String;;;;;;;;;;;Health;Edm.String;RaulR@contoso.com;Edm.String;Razo;Edm.String;AD user;Edm.String
Group;G01;2021-01-12T17:32:33.103Z;https://portal.azure.com/#blade/Microsoft_AAD_IAM/GroupsManagementMenuBlade/AllGroups;Edm.String;FALSE;Edm.Boolean;Leadership;Edm.String;Group;Edm.String;Mail Enabled;Edm.String;https://picsum.photos/640/480/?image=66;Edm.String;;;;;;;;;;;;;;;;;;
Group;G02;2021-01-12T17:32:33.103Z;https://portal.azure.com/#blade/Microsoft_AAD_IAM/GroupsManagementMenuBlade/AllGroups;Edm.String;FALSE;Edm.Boolean;Legal Team;Edm.String;Group;Edm.String;Mail Enabled;Edm.String;https://picsum.photos/640/480/?image=66;Edm.String;;;;;;;;;;;;;;;;;;
Group;G03;2021-01-12T17:32:33.103Z;https://portal.azure.com/#blade/Microsoft_AAD_IAM/GroupsManagementMenuBlade/AllGroups;Edm.String;FALSE;Edm.Boolean;Design;Edm.String;Group;Edm.String;Mail Enabled;Edm.String;https://picsum.photos/640/480/?image=66;Edm.String;;;;;;;;;;;;;;;;;;
Group;G04;2021-01-12T17:32:33.103Z;https://portal.azure.com/#blade/Microsoft_AAD_IAM/GroupsManagementMenuBlade/AllGroups;Edm.String;FALSE;Edm.Boolean;Operation;Edm.String;Group;Edm.String;Mail Enabled;Edm.String;https://picsum.photos/640/480/?image=66;Edm.String;;;;;;;;;;;;;;;;;;
Group;G05;2021-01-12T17:32:33.103Z;https://portal.azure.com/#blade/Microsoft_AAD_IAM/GroupsManagementMenuBlade/AllGroups;Edm.String;FALSE;Edm.Boolean;SOC Team;Edm.String;Group;Edm.String;Mail Enabled;Edm.String;https://picsum.photos/640/480/?image=66;Edm.String;;;;;;;;;;;;;;;;;;
Group;G06;2021-01-12T17:32:33.103Z;https://portal.azure.com/#blade/Microsoft_AAD_IAM/GroupsManagementMenuBlade/AllGroups;Edm.String;FALSE;Edm.Boolean;Developers;Edm.String;Group;Edm.String;Mail Enabled;Edm.String;https://picsum.photos/640/480/?image=66;Edm.String;;;;;;;;;;;;;;;;;;
Group;G07;2021-01-12T17:32:33.103Z;https://portal.azure.com/#blade/Microsoft_AAD_IAM/GroupsManagementMenuBlade/AllGroups;Edm.String;FALSE;Edm.Boolean;Sales;Edm.String;Group;Edm.String;Mail Enabled;Edm.String;https://picsum.photos/640/480/?image=66;Edm.String;;;;;;;;;;;;;;;;;;
Group;G08;2021-01-12T17:32:33.103Z;https://portal.azure.com/#blade/Microsoft_AAD_IAM/GroupsManagementMenuBlade/AllGroups;Edm.String;FALSE;Edm.Boolean;U.S. Employees;Edm.String;Group;Edm.String;Mail Enabled;Edm.String;https://picsum.photos/640/480/?image=66;Edm.String;;;;;;;;;;;;;;;;;;
Group;G09;2021-01-12T17:32:33.103Z;https://portal.azure.com/#blade/Microsoft_AAD_IAM/GroupsManagementMenuBlade/AllGroups;Edm.String;FALSE;Edm.Boolean;Europe Employees;Edm.String;Group;Edm.String;Mail Enabled;Edm.String;https://picsum.photos/640/480/?image=66;Edm.String;;;;;;;;;;;;;;;;;;
UserInGroup;UIN81;2021-01-12T17:36:00.473Z;;;FALSE;Edm.Boolean;;;UserInGroup;Edm.String;;;;;User;Edm.String;U01;Edm.String;Group;Edm.String;G08;Edm.String;;;;;;;;;;
UserInGroup;UIN82;2021-01-12T17:36:00.473Z;;;FALSE;Edm.Boolean;;;UserInGroup;Edm.String;;;;;User;Edm.String;U03;Edm.String;Group;Edm.String;G08;Edm.String;;;;;;;;;;
UserInGroup;UIN83;2021-01-12T17:36:00.473Z;;;FALSE;Edm.Boolean;;;UserInGroup;Edm.String;;;;;User;Edm.String;U05;Edm.String;Group;Edm.String;G08;Edm.String;;;;;;;;;;
UserInGroup;UIN84;2021-01-12T17:36:00.473Z;;;FALSE;Edm.Boolean;;;UserInGroup;Edm.String;;;;;User;Edm.String;U07;Edm.String;Group;Edm.String;G08;Edm.String;;;;;;;;;;
UserInGroup;UIN85;2021-01-12T17:36:00.473Z;;;FALSE;Edm.Boolean;;;UserInGroup;Edm.String;;;;;User;Edm.String;U09;Edm.String;Group;Edm.String;G08;Edm.String;;;;;;;;;;
UserInGroup;UIN86;2021-01-12T17:36:00.473Z;;;FALSE;Edm.Boolean;;;UserInGroup;Edm.String;;;;;User;Edm.String;U11;Edm.String;Group;Edm.String;G08;Edm.String;;;;;;;;;;
UserInGroup;UIN87;2021-01-12T17:36:00.473Z;;;FALSE;Edm.Boolean;;;UserInGroup;Edm.String;;;;;User;Edm.String;U13;Edm.String;Group;Edm.String;G08;Edm.String;;;;;;;;;;
UserInGroup;UIN88;2021-01-12T17:36:00.473Z;;;FALSE;Edm.Boolean;;;UserInGroup;Edm.String;;;;;User;Edm.String;U15;Edm.String;Group;Edm.String;G08;Edm.String;;;;;;;;;;
UserInGroup;UIN89;2021-01-12T17:36:00.473Z;;;FALSE;Edm.Boolean;;;UserInGroup;Edm.String;;;;;User;Edm.String;U17;Edm.String;Group;Edm.String;G08;Edm.String;;;;;;;;;;
UserInGroup;UIN90;2021-01-12T17:36:00.473Z;;;FALSE;Edm.Boolean;;;UserInGroup;Edm.String;;;;;User;Edm.String;U19;Edm.String;Group;Edm.String;G08;Edm.String;;;;;;;;;;
UserInGroup;UIN91;2021-01-12T17:36:00.473Z;;;FALSE;Edm.Boolean;;;UserInGroup;Edm.String;;;;;User;Edm.String;U21;Edm.String;Group;Edm.String;G08;Edm.String;;;;;;;;;;
UserInGroup;UIN92;2021-01-12T17:36:00.473Z;;;FALSE;Edm.Boolean;;;UserInGroup;Edm.String;;;;;User;Edm.String;U23;Edm.String;Group;Edm.String;G08;Edm.String;;;;;;;;;;
UserInGroup;UIN93;2021-01-12T17:36:00.473Z;;;FALSE;Edm.Boolean;;;UserInGroup;Edm.String;;;;;User;Edm.String;U25;Edm.String;Group;Edm.String;G08;Edm.String;;;;;;;;;;
UserInGroup;UIN94;2021-01-12T17:36:00.473Z;;;FALSE;Edm.Boolean;;;UserInGroup;Edm.String;;;;;User;Edm.String;U02;Edm.String;Group;Edm.String;G09;Edm.String;;;;;;;;;;
UserInGroup;UIN95;2021-01-12T17:36:00.473Z;;;FALSE;Edm.Boolean;;;UserInGroup;Edm.String;;;;;User;Edm.String;U04;Edm.String;Group;Edm.String;G09;Edm.String;;;;;;;;;;
UserInGroup;UIN96;2021-01-12T17:36:00.473Z;;;FALSE;Edm.Boolean;;;UserInGroup;Edm.String;;;;;User;Edm.String;U06;Edm.String;Group;Edm.String;G09;Edm.String;;;;;;;;;;
UserInGroup;UIN97;2021-01-12T17:36:00.473Z;;;FALSE;Edm.Boolean;;;UserInGroup;Edm.String;;;;;User;Edm.String;U08;Edm.String;Group;Edm.String;G09;Edm.String;;;;;;;;;;
UserInGroup;UIN98;2021-01-12T17:36:00.473Z;;;FALSE;Edm.Boolean;;;UserInGroup;Edm.String;;;;;User;Edm.String;U10;Edm.String;Group;Edm.String;G09;Edm.String;;;;;;;;;;
UserInGroup;UIN99;2021-01-12T17:36:00.473Z;;;FALSE;Edm.Boolean;;;UserInGroup;Edm.String;;;;;User;Edm.String;U12;Edm.String;Group;Edm.String;G09;Edm.String;;;;;;;;;;
UserInGroup;UIN100;2021-01-12T17:36:00.473Z;;;FALSE;Edm.Boolean;;;UserInGroup;Edm.String;;;;;User;Edm.String;U14;Edm.String;Group;Edm.String;G09;Edm.String;;;;;;;;;;
UserInGroup;UIN101;2021-01-12T17:36:00.473Z;;;FALSE;Edm.Boolean;;;UserInGroup;Edm.String;;;;;User;Edm.String;U16;Edm.String;Group;Edm.String;G09;Edm.String;;;;;;;;;;
UserInGroup;UIN102;2021-01-12T17:36:00.473Z;;;FALSE;Edm.Boolean;;;UserInGroup;Edm.String;;;;;User;Edm.String;U18;Edm.String;Group;Edm.String;G09;Edm.String;;;;;;;;;;
UserInGroup;UIN103;2021-01-12T17:36:00.473Z;;;FALSE;Edm.Boolean;;;UserInGroup;Edm.String;;;;;User;Edm.String;U20;Edm.String;Group;Edm.String;G09;Edm.String;;;;;;;;;;
UserInGroup;UIN104;2021-01-12T17:36:00.473Z;;;FALSE;Edm.Boolean;;;UserInGroup;Edm.String;;;;;User;Edm.String;U22;Edm.String;Group;Edm.String;G09;Edm.String;;;;;;;;;;
UserInGroup;UIN105;2021-01-12T17:36:00.473Z;;;FALSE;Edm.Boolean;;;UserInGroup;Edm.String;;;;;User;Edm.String;U24;Edm.String;Group;Edm.String;G09;Edm.String;;;;;;;;;;
UserInGroup;UIN01;2021-01-12T17:36:00.473Z;;;FALSE;Edm.Boolean;;;UserInGroup;Edm.String;;;;;User;Edm.String;U01;Edm.String;Group;Edm.String;G01;Edm.String;;;;;;;;;;
UserInGroup;UIN02;2021-01-12T17:36:00.473Z;;;FALSE;Edm.Boolean;;;UserInGroup;Edm.String;;;;;User;Edm.String;U05;Edm.String;Group;Edm.String;G01;Edm.String;;;;;;;;;;
UserInGroup;UIN03;2021-01-12T17:36:00.473Z;;;FALSE;Edm.Boolean;;;UserInGroup;Edm.String;;;;;User;Edm.String;U22;Edm.String;Group;Edm.String;G01;Edm.String;;;;;;;;;;
UserInGroup;UIN04;2021-01-12T17:36:00.473Z;;;FALSE;Edm.Boolean;;;UserInGroup;Edm.String;;;;;User;Edm.String;U14;Edm.String;Group;Edm.String;G01;Edm.String;;;;;;;;;;
UserInGroup;UIN11;2021-01-12T17:36:00.473Z;;;FALSE;Edm.Boolean;;;UserInGroup;Edm.String;;;;;User;Edm.String;U24;Edm.String;Group;Edm.String;G02;Edm.String;;;;;;;;;;
UserInGroup;UIN12;2021-01-12T17:36:00.473Z;;;FALSE;Edm.Boolean;;;UserInGroup;Edm.String;;;;;User;Edm.String;U13;Edm.String;Group;Edm.String;G02;Edm.String;;;;;;;;;;
UserInGroup;UIN21;2021-01-12T17:36:00.473Z;;;FALSE;Edm.Boolean;;;UserInGroup;Edm.String;;;;;User;Edm.String;U02;Edm.String;Group;Edm.String;G03;Edm.String;;;;;;;;;;
UserInGroup;UIN22;2021-01-12T17:36:00.473Z;;;FALSE;Edm.Boolean;;;UserInGroup;Edm.String;;;;;User;Edm.String;U10;Edm.String;Group;Edm.String;G03;Edm.String;;;;;;;;;;
UserInGroup;UIN23;2021-01-12T17:36:00.473Z;;;FALSE;Edm.Boolean;;;UserInGroup;Edm.String;;;;;User;Edm.String;U25;Edm.String;Group;Edm.String;G03;Edm.String;;;;;;;;;;
UserInGroup;UIN31;2021-01-12T17:36:00.473Z;;;FALSE;Edm.Boolean;;;UserInGroup;Edm.String;;;;;User;Edm.String;U17;Edm.String;Group;Edm.String;G04;Edm.String;;;;;;;;;;
UserInGroup;UIN32;2021-01-12T17:36:00.473Z;;;FALSE;Edm.Boolean;;;UserInGroup;Edm.String;;;;;User;Edm.String;U18;Edm.String;Group;Edm.String;G04;Edm.String;;;;;;;;;;
UserInGroup;UIN33;2021-01-12T17:36:00.473Z;;;FALSE;Edm.Boolean;;;UserInGroup;Edm.String;;;;;User;Edm.String;U23;Edm.String;Group;Edm.String;G04;Edm.String;;;;;;;;;;
UserInGroup;UIN34;2021-01-12T17:36:00.473Z;;;FALSE;Edm.Boolean;;;UserInGroup;Edm.String;;;;;User;Edm.String;U19;Edm.String;Group;Edm.String;G04;Edm.String;;;;;;;;;;
UserInGroup;UIN35;2021-01-12T17:36:00.473Z;;;FALSE;Edm.Boolean;;;UserInGroup;Edm.String;;;;;User;Edm.String;U03;Edm.String;Group;Edm.String;G04;Edm.String;;;;;;;;;;
UserInGroup;UIN41;2021-01-12T17:36:00.473Z;;;FALSE;Edm.Boolean;;;UserInGroup;Edm.String;;;;;User;Edm.String;U04;Edm.String;Group;Edm.String;G05;Edm.String;;;;;;;;;;
UserInGroup;UIN41;2021-01-12T17:36:00.473Z;;;FALSE;Edm.Boolean;;;UserInGroup;Edm.String;;;;;User;Edm.String;U21;Edm.String;Group;Edm.String;G05;Edm.String;;;;;;;;;;
UserInGroup;UIN41;2021-01-12T17:36:00.473Z;;;FALSE;Edm.Boolean;;;UserInGroup;Edm.String;;;;;User;Edm.String;U11;Edm.String;Group;Edm.String;G05;Edm.String;;;;;;;;;;
UserInGroup;UIN51;2021-01-12T17:36:00.473Z;;;FALSE;Edm.Boolean;;;UserInGroup;Edm.String;;;;;User;Edm.String;U12;Edm.String;Group;Edm.String;G06;Edm.String;;;;;;;;;;
UserInGroup;UIN52;2021-01-12T17:36:00.473Z;;;FALSE;Edm.Boolean;;;UserInGroup;Edm.String;;;;;User;Edm.String;U15;Edm.String;Group;Edm.String;G06;Edm.String;;;;;;;;;;
UserInGroup;UIN53;2021-01-12T17:36:00.473Z;;;FALSE;Edm.Boolean;;;UserInGroup;Edm.String;;;;;User;Edm.String;U23;Edm.String;Group;Edm.String;G06;Edm.String;;;;;;;;;;
UserInGroup;UIN54;2021-01-12T17:36:00.473Z;;;FALSE;Edm.Boolean;;;UserInGroup;Edm.String;;;;;User;Edm.String;U07;Edm.String;Group;Edm.String;G06;Edm.String;;;;;;;;;;
UserInGroup;UIN55;2021-01-12T17:36:00.473Z;;;FALSE;Edm.Boolean;;;UserInGroup;Edm.String;;;;;User;Edm.String;U16;Edm.String;Group;Edm.String;G06;Edm.String;;;;;;;;;;
UserInGroup;UIN56;2021-01-12T17:36:00.473Z;;;FALSE;Edm.Boolean;;;UserInGroup;Edm.String;;;;;User;Edm.String;U20;Edm.String;Group;Edm.String;G06;Edm.String;;;;;;;;;;
UserInGroup;UIN57;2021-01-12T17:36:00.473Z;;;FALSE;Edm.Boolean;;;UserInGroup;Edm.String;;;;;User;Edm.String;U06;Edm.String;Group;Edm.String;G06;Edm.String;;;;;;;;;;
UserInGroup;UIN61;2021-01-12T17:36:00.473Z;;;FALSE;Edm.Boolean;;;UserInGroup;Edm.String;;;;;User;Edm.String;U08;Edm.String;Group;Edm.String;G07;Edm.String;;;;;;;;;;
UserInGroup;UIN62;2021-01-12T17:36:00.473Z;;;FALSE;Edm.Boolean;;;UserInGroup;Edm.String;;;;;User;Edm.String;U09;Edm.String;Group;Edm.String;G07;Edm.String;;;;;;;;;;
UserInGroup;UIN63;2021-01-12T17:36:00.473Z;;;FALSE;Edm.Boolean;;;UserInGroup;Edm.String;;;;;User;Edm.String;U25;Edm.String;Group;Edm.String;G07;Edm.String;;;;;;;;;;
Subscription;S01;2021-01-12T17:33:56.030Z;https://portal.azure.com/#blade/Microsoft_Azure_Billing/SubscriptionsBlade;Edm.String;FALSE;Edm.Boolean;Internal Company Subscription;Edm.String;Subscription;Edm.String;;;;;;;;;;;;;;;;;;;;;;
Subscription;S02;2021-01-12T17:33:56.030Z;https://portal.azure.com/#blade/Microsoft_Azure_Billing/SubscriptionsBlade;Edm.String;FALSE;Edm.Boolean;E-Commerce Subscripton;Edm.String;Subscription;Edm.String;;;;;;;;;;;;;;;;;;;;;;
ResourceGroup;RG01;2021-01-12T17:33:40.885Z;https://portal.azure.com/#blade/HubsExtension/BrowseResourceGroups;Edm.String;FALSE;Edm.Boolean;rg-hrportal;Edm.String;ResourceGroup;Edm.String;;;;;;;;;;;;;;;;;;;;;;
ResourceGroup;RG02;2021-01-12T17:33:40.885Z;https://portal.azure.com/#blade/HubsExtension/BrowseResourceGroups;Edm.String;FALSE;Edm.Boolean;rg-e-commerce;Edm.String;ResourceGroup;Edm.String;;;;;;;;;;;;;;;;;;;;;;
ResourceGroup;RG03;2021-01-12T17:33:40.885Z;https://portal.azure.com/#blade/HubsExtension/BrowseResourceGroups;Edm.String;FALSE;Edm.Boolean;rg-billing;Edm.String;ResourceGroup;Edm.String;;;;;;;;;;;;;;;;;;;;;;
ResourceGroupInSubscription;RGISUB01;2021-01-12T17:33:47.097Z;;;FALSE;Edm.Boolean;;;ResourceGroupInSubscription;Edm.String;;;;;ResourceGroup;Edm.String;RG01;Edm.String;Subscription;Edm.String;S01;Edm.String;;;;;;;;;;
ResourceGroupInSubscription;RGISUB02;2021-01-12T17:33:47.097Z;;;FALSE;Edm.Boolean;;;ResourceGroupInSubscription;Edm.String;;;;;ResourceGroup;Edm.String;RG02;Edm.String;Subscription;Edm.String;S02;Edm.String;;;;;;;;;;
ResourceGroupInSubscription;RGISUB03;2021-01-12T17:33:47.097Z;;;FALSE;Edm.Boolean;;;ResourceGroupInSubscription;Edm.String;;;;;ResourceGroup;Edm.String;RG03;Edm.String;Subscription;Edm.String;S01;Edm.String;;;;;;;;;;
Resource;R01;2021-01-12T17:33:39.913Z;https://portal.azure.com/#blade/HubsExtension/BrowseAll;Edm.String;FALSE;Edm.Boolean;plan-hrportal;Edm.String;Resource;Edm.String;;;;;;;;;;;;;App Service Plan;Edm.String;;;;;;;;
Resource;R02;2021-01-12T17:33:39.913Z;https://portal.azure.com/#blade/HubsExtension/BrowseAll;Edm.String;FALSE;Edm.Boolean;app-hrportal;Edm.String;Resource;Edm.String;;;;;;;;;;;;;App Service;Edm.String;;;;;;;;
Resource;R03;2021-01-12T17:33:39.913Z;https://portal.azure.com/#blade/HubsExtension/BrowseAll;Edm.String;FALSE;Edm.Boolean;sqlsrv-hrportaldb;Edm.String;Resource;Edm.String;;;;;;;;;;;;;SQL Server;Edm.String;;;;;;;;
Resource;R04;2021-01-12T17:33:39.913Z;https://portal.azure.com/#blade/HubsExtension/BrowseAll;Edm.String;FALSE;Edm.Boolean;sql-hrportaldb;Edm.String;Resource;Edm.String;;;;;;;;;;;;;SQL Database;Edm.String;;;;;;;;
Resource;R11;2021-01-12T17:33:39.913Z;https://portal.azure.com/#blade/HubsExtension/BrowseAll;Edm.String;FALSE;Edm.Boolean;aks-ecommerce;Edm.String;Resource;Edm.String;;;;;;;;;;;;;Kubernetes Cluster;Edm.String;;;;;;;;
Resource;R12;2021-01-12T17:33:39.913Z;https://portal.azure.com/#blade/HubsExtension/BrowseAll;Edm.String;FALSE;Edm.Boolean;agw-ecommerce;Edm.String;Resource;Edm.String;;;;;;;;;;;;;Application Gatewat;Edm.String;;;;;;;;
Resource;R13;2021-01-12T17:33:39.913Z;https://portal.azure.com/#blade/HubsExtension/BrowseAll;Edm.String;FALSE;Edm.Boolean;cosmos-ecommerce;Edm.String;Resource;Edm.String;;;;;;;;;;;;;Cosmos DB;Edm.String;;;;;;;;
Resource;R14;2021-01-12T17:33:39.913Z;https://portal.azure.com/#blade/HubsExtension/BrowseAll;Edm.String;FALSE;Edm.Boolean;saecommerce;Edm.String;Resource;Edm.String;;;;;;;;;;;;;Storage Account;Edm.String;;;;;;;;
Resource;R15;2021-01-12T17:33:39.913Z;https://portal.azure.com/#blade/HubsExtension/BrowseAll;Edm.String;FALSE;Edm.Boolean;cdn-ecommerce;Edm.String;Resource;Edm.String;;;;;;;;;;;;;CDN Profile;Edm.String;;;;;;;;
Resource;R16;2021-01-12T17:33:39.913Z;https://portal.azure.com/#blade/HubsExtension/BrowseAll;Edm.String;FALSE;Edm.Boolean;srch-ecommerce;Edm.String;Resource;Edm.String;;;;;;;;;;;;;Cognitive Search;Edm.String;;;;;;;;
Resource;R21;2021-01-12T17:33:39.913Z;https://portal.azure.com/#blade/HubsExtension/BrowseAll;Edm.String;FALSE;Edm.Boolean;aci-billingportal;Edm.String;Resource;Edm.String;;;;;;;;;;;;;Container Instance;Edm.String;;;;;;;;
Resource;R22;2021-01-12T17:33:39.913Z;https://portal.azure.com/#blade/HubsExtension/BrowseAll;Edm.String;FALSE;Edm.Boolean;mysql-billingportaldb;Edm.String;Resource;Edm.String;;;;;;;;;;;;;MySQL Database;Edm.String;;;;;;;;
Resource;R22;2021-01-12T17:33:39.913Z;https://portal.azure.com/#blade/HubsExtension/BrowseAll;Edm.String;FALSE;Edm.Boolean;sa-billingportal;Edm.String;Resource;Edm.String;;;;;;;;;;;;;Storage Account;Edm.String;;;;;;;;
ResourceInResourceGroup;RIRG01;2021-01-12T17:33:51.943Z;;;FALSE;Edm.Boolean;;;ResourceInResourceGroup;Edm.String;;;;;Resource;Edm.String;R01;Edm.String;ResourceGroup;Edm.String;RG01;Edm.String;;;;;;;;;;
ResourceInResourceGroup;RIRG02;2021-01-12T17:33:51.943Z;;;FALSE;Edm.Boolean;;;ResourceInResourceGroup;Edm.String;;;;;Resource;Edm.String;R02;Edm.String;ResourceGroup;Edm.String;RG01;Edm.String;;;;;;;;;;
ResourceInResourceGroup;RIRG03;2021-01-12T17:33:51.943Z;;;FALSE;Edm.Boolean;;;ResourceInResourceGroup;Edm.String;;;;;Resource;Edm.String;R03;Edm.String;ResourceGroup;Edm.String;RG01;Edm.String;;;;;;;;;;
ResourceInResourceGroup;RIRG04;2021-01-12T17:33:51.943Z;;;FALSE;Edm.Boolean;;;ResourceInResourceGroup;Edm.String;;;;;Resource;Edm.String;R04;Edm.String;ResourceGroup;Edm.String;RG01;Edm.String;;;;;;;;;;
ResourceInResourceGroup;RIRG11;2021-01-12T17:33:51.943Z;;;FALSE;Edm.Boolean;;;ResourceInResourceGroup;Edm.String;;;;;Resource;Edm.String;R11;Edm.String;ResourceGroup;Edm.String;RG02;Edm.String;;;;;;;;;;
ResourceInResourceGroup;RIRG12;2021-01-12T17:33:51.943Z;;;FALSE;Edm.Boolean;;;ResourceInResourceGroup;Edm.String;;;;;Resource;Edm.String;R12;Edm.String;ResourceGroup;Edm.String;RG02;Edm.String;;;;;;;;;;
ResourceInResourceGroup;RIRG13;2021-01-12T17:33:51.943Z;;;FALSE;Edm.Boolean;;;ResourceInResourceGroup;Edm.String;;;;;Resource;Edm.String;R13;Edm.String;ResourceGroup;Edm.String;RG02;Edm.String;;;;;;;;;;
ResourceInResourceGroup;RIRG14;2021-01-12T17:33:51.943Z;;;FALSE;Edm.Boolean;;;ResourceInResourceGroup;Edm.String;;;;;Resource;Edm.String;R14;Edm.String;ResourceGroup;Edm.String;RG02;Edm.String;;;;;;;;;;
ResourceInResourceGroup;RIRG15;2021-01-12T17:33:51.943Z;;;FALSE;Edm.Boolean;;;ResourceInResourceGroup;Edm.String;;;;;Resource;Edm.String;R15;Edm.String;ResourceGroup;Edm.String;RG02;Edm.String;;;;;;;;;;
ResourceInResourceGroup;RIRG16;2021-01-12T17:33:51.943Z;;;FALSE;Edm.Boolean;;;ResourceInResourceGroup;Edm.String;;;;;Resource;Edm.String;R16;Edm.String;ResourceGroup;Edm.String;RG02;Edm.String;;;;;;;;;;
ResourceInResourceGroup;RIRG21;2021-01-12T17:33:51.943Z;;;FALSE;Edm.Boolean;;;ResourceInResourceGroup;Edm.String;;;;;Resource;Edm.String;R21;Edm.String;ResourceGroup;Edm.String;RG03;Edm.String;;;;;;;;;;
ResourceInResourceGroup;RIRG22;2021-01-12T17:33:51.943Z;;;FALSE;Edm.Boolean;;;ResourceInResourceGroup;Edm.String;;;;;Resource;Edm.String;R22;Edm.String;ResourceGroup;Edm.String;RG03;Edm.String;;;;;;;;;;
ResourceInResourceGroup;RIRG23;2021-01-12T17:33:51.943Z;;;FALSE;Edm.Boolean;;;ResourceInResourceGroup;Edm.String;;;;;Resource;Edm.String;R23;Edm.String;ResourceGroup;Edm.String;RG03;Edm.String;;;;;;;;;;
GroupInResourceGroup;GIRG001;2021-01-12T17:33:08.584Z;;;FALSE;Edm.Boolean;Contributor;Edm.String;GroupInResourceGroup;Edm.String;;;;;Group;Edm.String;G05;Edm.String;ResourceGroup;Edm.String;RG01;Edm.String;;;;;;;;;;
GroupInResourceGroup;GIRG002;2021-01-12T17:33:08.584Z;;;FALSE;Edm.Boolean;Contributor;Edm.String;GroupInResourceGroup;Edm.String;;;;;Group;Edm.String;G05;Edm.String;ResourceGroup;Edm.String;RG02;Edm.String;;;;;;;;;;
GroupInResourceGroup;GIRG003;2021-01-12T17:33:08.584Z;;;FALSE;Edm.Boolean;Contributor;Edm.String;GroupInResourceGroup;Edm.String;;;;;Group;Edm.String;G05;Edm.String;ResourceGroup;Edm.String;RG03;Edm.String;;;;;;;;;;
GroupInResourceGroup;GIRG101;2021-01-12T17:33:08.584Z;;;FALSE;Edm.Boolean;Contributor;Edm.String;GroupInResourceGroup;Edm.String;;;;;Group;Edm.String;G01;Edm.String;ResourceGroup;Edm.String;RG01;Edm.String;;;;;;;;;;
GroupInResourceGroup;GIRG201;2021-01-12T17:33:08.584Z;;;FALSE;Edm.Boolean;Contributor;Edm.String;GroupInResourceGroup;Edm.String;;;;;Group;Edm.String;G06;Edm.String;ResourceGroup;Edm.String;RG02;Edm.String;;;;;;;;;;
GroupInResourceGroup;GIRG203;2021-01-12T17:33:08.584Z;;;FALSE;Edm.Boolean;Contributor;Edm.String;GroupInResourceGroup;Edm.String;;;;;Group;Edm.String;G03;Edm.String;ResourceGroup;Edm.String;RG02;Edm.String;;;;;;;;;;
GroupInResourceGroup;GIRG301;2021-01-12T17:33:08.584Z;;;FALSE;Edm.Boolean;Contributor;Edm.String;GroupInResourceGroup;Edm.String;;;;;Group;Edm.String;G07;Edm.String;ResourceGroup;Edm.String;RG03;Edm.String;;;;;;;;;;
UserInResourceGroup;UIRG001;2021-01-12T17:36:34.398Z;;;FALSE;Edm.Boolean;Reader;Edm.String;UserInResourceGroup;Edm.String;;;;;User;Edm.String;U01;Edm.String;ResourceGroup;Edm.String;RG02;Edm.String;;;;;;;;;;
UserInResource;UIR001;2021-01-12T17:36:09.256Z;;;FALSE;Edm.Boolean;Owner;Edm.String;UserInResource;Edm.String;;;;;User;Edm.String;U22;Edm.String;Resource;Edm.String;R22;Edm.String;;;;;;;;;;
Application;APP01;2021-01-12T17:32:29.176Z;https://portal.azure.com/#blade/Microsoft_AAD_IAM/ActiveDirectoryMenuBlade/RegisteredApps;Edm.String;FALSE;Edm.Boolean;E-Commerce Frontend;Edm.String;Application;Edm.String;;;;;;;;;;;;;;;;;;;;;;
Application;APP02;2021-01-12T17:32:29.176Z;https://portal.azure.com/#blade/Microsoft_AAD_IAM/ActiveDirectoryMenuBlade/RegisteredApps;Edm.String;FALSE;Edm.Boolean;E-Commerce Api;Edm.String;Application;Edm.String;;;;;;;;;;;;;;;;;;;;;;
GroupInApplication;GRIAPP001;2021-01-12T17:32:37.006Z;;;FALSE;Edm.Boolean;User Access Administrator;Edm.String;GroupInApplication;Edm.String;;;;;Group;Edm.String;G04;Edm.String;Application;Edm.String;APP01;Edm.String;;;;;;;;;;
GroupInResource;GRIR001;2021-01-12T17:32:51.446Z;;;FALSE;Edm.Boolean;User Access Administrator;Edm.String;GroupInResource;Edm.String;;;;;Group;Edm.String;G06;Edm.String;Resource;Edm.String;R01;Edm.String;;;;;;;;;;
GroupInSubscription;GRISUB001;2021-01-12T17:33:21.430Z;;;FALSE;Edm.Boolean;Reader;Edm.String;GroupInSubscription;Edm.String;;;;;Group;Edm.String;G02;Edm.String;Subscription;Edm.String;S02;Edm.String;;;;;;;;;;
Tag;TAG001;2021-01-12T17:33:56.417Z;https://portal.azure.com/;;FALSE;Edm.Boolean;CostCenter: X01F;Edm.String;Tag;Edm.String;;;;;;;;;;;;;;;;;;;;;;
Tag;TAG002;2021-01-12T17:33:56.417Z;https://portal.azure.com/;;FALSE;Edm.Boolean;ProjectID: 1243;Edm.String;Tag;Edm.String;;;;;;;;;;;;;;;;;;;;;;
Tag;TAG003;2021-01-12T17:33:56.417Z;https://portal.azure.com/;;FALSE;Edm.Boolean;CenterName: Operations;Edm.String;Tag;Edm.String;;;;;;;;;;;;;;;;;;;;;;
Tag;TAG004;2021-01-12T17:33:56.417Z;https://portal.azure.com/;;FALSE;Edm.Boolean;TeamName: Dev;Edm.String;Tag;Edm.String;;;;;;;;;;;;;;;;;;;;;;
TagInApplication;TINAP001;2021-01-12T17:34:00.289Z;;;FALSE;Edm.Boolean;;Edm.String;TagInApplication;Edm.String;;;;;Tag;Edm.String;TAG001;Edm.String;Application;Edm.String;APP02;Edm.String;;;;;;;;;;
TagInResource;TINRES001;2021-01-12T17:34:15.203Z;;;FALSE;Edm.Boolean;;Edm.String;TagInResource;Edm.String;;;;;Tag;Edm.String;TAG002;Edm.String;Resource;Edm.String;R11;Edm.String;;;;;;;;;;
TagInResourceGroup;TINRG001;2021-01-12T17:34:30.731Z;;;FALSE;Edm.Boolean;;Edm.String;TagInResourceGroup;Edm.String;;;;;Tag;Edm.String;TAG003;Edm.String;ResourceGroup;Edm.String;RG01;Edm.String;;;;;;;;;;
TagInSubscription;TINSUB001;2021-01-12T17:34:46.688Z;;;FALSE;Edm.Boolean;;Edm.String;TagInSubscription;Edm.String;;;;;Tag;Edm.String;TAG004;Edm.String;Subscription;Edm.String;S02;Edm.String;;;;;;;;;;
UserInApplication;USINAPP001;2021-01-12T17:35:30.937Z;;;FALSE;Edm.Boolean;User Access Administrator;Edm.String;UserInApplication;Edm.String;;;;;User;Edm.String;U05;Edm.String;Application;Edm.String;APP02;Edm.String;;;;;;;;;;
UserInSubscription;UINSUB001;2021-01-12T17:36:34.803Z;;;FALSE;Edm.Boolean;Contributor;Edm.String;UserInSubscription;Edm.String;;;;;User;Edm.String;U22;Edm.String;Subscription;Edm.String;S01;Edm.String;;;;;;;;;;
SharePointCollection;SP001;2021-09-17T17:12:17.175Z;https://www.microsoft.com/en-US/microsoft-365/sharepoint/collaboration;Edm.String;FALSE;Edm.Boolean;HR Web Portal;Edm.String;SharePointCollection;Edm.String;;;;;;;;;;;;;;Edm.String;;;;;;;;
UserInSharePoint;UISP001;2021-09-17T17:23:24.280Z;;;FALSE;Edm.Boolean;;Edm.String;UserInSharePoint;;;;;;User;Edm.String;U01;Edm.String;SharePointCollection;Edm.String;SP001;Edm.String;;;;;;;;;;
UserInSharePoint;UISP002;2021-09-17T17:23:24.280Z;;;FALSE;Edm.Boolean;;Edm.String;UserInSharePoint;;;;;;User;Edm.String;U02;Edm.String;SharePointCollection;Edm.String;SP001;Edm.String;;;;;;;;;;
UserInSharePoint;UISP003;2021-09-17T17:23:24.280Z;;;FALSE;Edm.Boolean;;Edm.String;UserInSharePoint;;;;;;User;Edm.String;U03;Edm.String;SharePointCollection;Edm.String;SP001;Edm.String;;;;;;;;;;
SharePointCollection;SP002;2021-09-17T17:12:17.175Z;https://www.microsoft.com/en-US/microsoft-365/sharepoint/collaboration;Edm.String;FALSE;Edm.Boolean;Developer Center;Edm.String;SharePointCollection;Edm.String;;;;;;;;;;;;;;Edm.String;;;;;;;;
UserInSharePoint;UISP101;2021-09-17T17:23:24.280Z;;;FALSE;Edm.Boolean;;Edm.String;UserInSharePoint;;;;;;User;Edm.String;U12;Edm.String;SharePointCollection;Edm.String;SP002;Edm.String;;;;;;;;;;
UserInSharePoint;UISP102;2021-09-17T17:23:24.280Z;;;FALSE;Edm.Boolean;;Edm.String;UserInSharePoint;;;;;;User;Edm.String;U15;Edm.String;SharePointCollection;Edm.String;SP002;Edm.String;;;;;;;;;;
UserInSharePoint;UISP103;2021-09-17T17:23:24.280Z;;;FALSE;Edm.Boolean;;Edm.String;UserInSharePoint;;;;;;User;Edm.String;U23;Edm.String;SharePointCollection;Edm.String;SP002;Edm.String;;;;;;;;;;
UserInSharePoint;UISP104;2021-09-17T17:23:24.280Z;;;FALSE;Edm.Boolean;;Edm.String;UserInSharePoint;;;;;;User;Edm.String;U20;Edm.String;SharePointCollection;Edm.String;SP002;Edm.String;;;;;;;;;;
Repos;REP001;2021-09-17T17:23:24.280Z;https://github.com/nicolgit/whoiswho;;FALSE;Edm.Boolean;eCommerce.API;Edm.String;Repos;;;;;;;;;;;;;;;;;;;;;;;
Repos;REP002;2021-09-17T17:23:24.280Z;https://github.com/nicolgit/whoiswho;;FALSE;Edm.Boolean;eCommerce.SPA;Edm.String;Repos;;;;;;;;;;;;;;;;;;;;;;;
Repos;REP003;2021-09-17T17:23:24.280Z;https://github.com/nicolgit/whoiswho;;FALSE;Edm.Boolean;eCommerce.MobileApp;Edm.String;Repos;;;;;;;;;;;;;;;;;;;;;;;
Repos;REP004;2021-09-17T17:23:24.280Z;https://github.com/nicolgit/whoiswho;;FALSE;Edm.Boolean;Hrportal.API;Edm.String;Repos;;;;;;;;;;;;;;;;;;;;;;;
UserInRepos;UIRPS001;2021-09-17T17:23:24.280Z;;;FALSE;;;;UserInRepos;;;;;;User;;U15;;Repos;;REP001;;;;;;;;;;;
UserInRepos;UIRPS002;2021-09-17T17:23:24.280Z;;;FALSE;;;;UserInRepos;;;;;;User;;U23;;Repos;;REP001;;;;;;;;;;;
UserInRepos;UIRPS003;2021-09-17T17:23:24.280Z;;;FALSE;;;;UserInRepos;;;;;;User;;U20;;Repos;;REP001;;;;;;;;;;;
UserInRepos;UIRPS101;2021-09-17T17:23:24.280Z;;;FALSE;;;;UserInRepos;;;;;;User;;U06;;Repos;;REP002;;;;;;;;;;;
UserInRepos;UIRPS102;2021-09-17T17:23:24.280Z;;;FALSE;;;;UserInRepos;;;;;;User;;U16;;Repos;;REP002;;;;;;;;;;;
UserInRepos;UIRPS103;2021-09-17T17:23:24.280Z;;;FALSE;;;;UserInRepos;;;;;;User;;U12;;Repos;;REP002;;;;;;;;;;;
UserInRepos;UIRPS201;2021-09-17T17:23:24.280Z;;;FALSE;;;;UserInRepos;;;;;;User;;U06;;Repos;;REP003;;;;;;;;;;;
UserInRepos;UIRPS202;2021-09-17T17:23:24.280Z;;;FALSE;;;;UserInRepos;;;;;;User;;U16;;Repos;;REP003;;;;;;;;;;;
UserInRepos;UIRPS203;2021-09-17T17:23:24.280Z;;;FALSE;;;;UserInRepos;;;;;;User;;U12;;Repos;;REP003;;;;;;;;;;;
Device;DV001;2021-09-17T17:23:24.280Z;https://portal.azure.com/#blade/Microsoft_AAD_Devices/DevicesMenuBlade/Devices/menuId/;;FALSE;Edm.Boolean;Surface Duo;Edm.String;Device;;;;;;;;;;;;;;;;;;;;;;;
Device;DV002;2021-09-17T17:23:24.280Z;https://portal.azure.com/#blade/Microsoft_AAD_Devices/DevicesMenuBlade/Devices/menuId/;;FALSE;Edm.Boolean;Surface Book 2;Edm.String;Device;;;;;;;;;;;;;;;;;;;;;;;
Device;DV101;2021-09-17T17:23:24.280Z;https://portal.azure.com/#blade/Microsoft_AAD_Devices/DevicesMenuBlade/Devices/menuId/;;FALSE;Edm.Boolean;MacBook Pro 13;Edm.String;Device;;;;;;;;;;;;;;;;;;;;;;;
Device;DV102;2021-09-17T17:23:24.280Z;https://portal.azure.com/#blade/Microsoft_AAD_Devices/DevicesMenuBlade/Devices/menuId/;;FALSE;Edm.Boolean;iPhone 13 Pro;Edm.String;Device;;;;;;;;;;;;;;;;;;;;;;;
Device;DV201;2021-09-17T17:23:24.280Z;https://portal.azure.com/#blade/Microsoft_AAD_Devices/DevicesMenuBlade/Devices/menuId/;;FALSE;Edm.Boolean;Surface Laptop;Edm.String;Device;;;;;;;;;;;;;;;;;;;;;;;
Device;DV202;2021-09-17T17:23:24.280Z;https://portal.azure.com/#blade/Microsoft_AAD_Devices/DevicesMenuBlade/Devices/menuId/;;FALSE;Edm.Boolean;Samsung Galaxy S20;Edm.String;Device;;;;;;;;;;;;;;;;;;;;;;;
Device;DV301;2021-09-17T17:23:24.280Z;https://portal.azure.com/#blade/Microsoft_AAD_Devices/DevicesMenuBlade/Devices/menuId/;;FALSE;Edm.Boolean;Lenovo Thinpad;Edm.String;Device;;;;;;;;;;;;;;;;;;;;;;;
Device;DV302;2021-09-17T17:23:24.280Z;https://portal.azure.com/#blade/Microsoft_AAD_Devices/DevicesMenuBlade/Devices/menuId/;;FALSE;Edm.Boolean;Huawei P20;Edm.String;Device;;;;;;;;;;;;;;;;;;;;;;;
Device;DV401;2021-09-17T17:23:24.280Z;https://portal.azure.com/#blade/Microsoft_AAD_Devices/DevicesMenuBlade/Devices/menuId/;;FALSE;Edm.Boolean;Asus ZenBook 2345;Edm.String;Device;;;;;;;;;;;;;;;;;;;;;;;
Device;DV402;2021-09-17T17:23:24.280Z;https://portal.azure.com/#blade/Microsoft_AAD_Devices/DevicesMenuBlade/Devices/menuId/;;FALSE;Edm.Boolean;Oppo Find X2 Neo;Edm.String;Device;;;;;;;;;;;;;;;;;;;;;;;
DeviceForUser;DVFUS001;2021-09-17T17:23:24.280Z;;;FALSE;;;;DeviceForUser;;;;;;Device;;DV001;;User;;U01;;;;;;;;;;;
DeviceForUser;DVFUS002;2021-09-17T17:23:24.280Z;;;FALSE;;;;DeviceForUser;;;;;;Device;;DV002;;User;;U01;;;;;;;;;;;
DeviceForUser;DVFUS101;2021-09-17T17:23:24.280Z;;;FALSE;;;;DeviceForUser;;;;;;Device;;DV101;;User;;U02;;;;;;;;;;;
DeviceForUser;DVFUS102;2021-09-17T17:23:24.280Z;;;FALSE;;;;DeviceForUser;;;;;;Device;;DV102;;User;;U02;;;;;;;;;;;
DeviceForUser;DVFUS201;2021-09-17T17:23:24.280Z;;;FALSE;;;;DeviceForUser;;;;;;Device;;DV201;;User;;U03;;;;;;;;;;;
DeviceForUser;DVFUS202;2021-09-17T17:23:24.280Z;;;FALSE;;;;DeviceForUser;;;;;;Device;;DV202;;User;;U03;;;;;;;;;;;
DeviceForUser;DVFUS301;2021-09-17T17:23:24.280Z;;;FALSE;;;;DeviceForUser;;;;;;Device;;DV301;;User;;U04;;;;;;;;;;;
DeviceForUser;DVFUS302;2021-09-17T17:23:24.280Z;;;FALSE;;;;DeviceForUser;;;;;;Device;;DV302;;User;;U04;;;;;;;;;;;
DeviceForUser;DVFUS401;2021-09-17T17:23:24.280Z;;;FALSE;;;;DeviceForUser;;;;;;Device;;DV401;;User;;U05;;;;;;;;;;;
DeviceForUser;DVFUS402;2021-09-17T17:23:24.280Z;;;FALSE;;;;DeviceForUser;;;;;;Device;;DV402;;User;;U05;;;;;;;;;;;
Teams;TMS001;2021-09-17T17:23:24.280Z;https://www.microsoft.com/en-US/microsoft-teams/;;FALSE;Edm.Boolean;Sales;Edm.String;Teams;;;;;;;;;;;;;;;;;;;;;;;
Teams;TMS002;2021-09-17T17:23:24.280Z;https://www.microsoft.com/en-US/microsoft-teams/;;FALSE;Edm.Boolean;Developers ;Edm.String;Teams;;;;;;;;;;;;;;;;;;;;;;;
UserInTeams;UITMS001;2021-09-17T17:23:24.280Z;;;FALSE;;;;UserInTeams;;;;;;User;;U12;;Teams;;TMS001;;;;;;;;;;;
UserInTeams;UITMS002;2021-09-17T17:23:24.280Z;;;FALSE;;;;UserInTeams;;;;;;User;;U15;;Teams;;TMS001;;;;;;;;;;;
UserInTeams;UITMS003;2021-09-17T17:23:24.280Z;;;FALSE;;;;UserInTeams;;;;;;User;;U23;;Teams;;TMS002;;;;;;;;;;;
EnterpriseApplication;EAPP001;2021-09-17T17:23:24.280Z;https://www.contoso.com;;FALSE;Edm.Boolean;Dynamics;Edm.String;EnterpriseApplication;;;;;;;;;;;;;;;;;;;;;;;
EnterpriseApplication;EAPP002;2021-09-17T17:23:24.280Z;https://www.contoso.com;;FALSE;Edm.Boolean;Concur;Edm.String;EnterpriseApplication;;;;;;;;;;;;;;;;;;;;;;;
EnterpriseApplication;EAPP003;2021-09-17T17:23:24.280Z;https://www.contoso.com;;FALSE;Edm.Boolean;E-Commerce;Edm.String;EnterpriseApplication;;;;;;;;;;;;;;;;;;;;;;;
EnterpriseApplication;EAPP004;2021-09-17T17:23:24.280Z;https://www.contoso.com;;FALSE;Edm.Boolean;HR Portal;Edm.String;EnterpriseApplication;;;;;;;;;;;;;;;;;;;;;;;
UserInEnterpriseApplication;USINEAPP001;2021-09-17T17:23:24.280Z;;;FALSE;;;;UserInEnterpriseApplication;;;;;;User;;U16;;EnterpriseApplication;;EAPP001;;;;;;;;;;;
UserInEnterpriseApplication;USINEAPP002;2021-09-17T17:23:24.280Z;;;FALSE;;;;UserInEnterpriseApplication;;;;;;User;;U12;;EnterpriseApplication;;EAPP002;;;;;;;;;;;
UserInEnterpriseApplication;USINEAPP003;2021-09-17T17:23:24.280Z;;;FALSE;;;;UserInEnterpriseApplication;;;;;;User;;U10;;EnterpriseApplication;;EAPP003;;;;;;;;;;;
UserInEnterpriseApplication;USINEAPP004;2021-09-17T17:23:24.280Z;;;FALSE;;;;UserInEnterpriseApplication;;;;;;User;;U03;;EnterpriseApplication;;EAPP004;;;;;;;;;;;
SharePointCollectionInEnterpriseAppplication;SHPEAPP001;2021-09-17T17:23:24.280Z;;;FALSE;;;;SharePointCollectionInEnterpriseAppplication;;;;;;SharePointCollection;;SP001;;EnterpriseApplication;;EAPP004;;;;;;;;;;;
ReposInEnterpriseApplication;REPEAPP001;2021-09-17T17:23:24.280Z;;;FALSE;;;;ReposInEnterpriseApplication;;;;;;Repos;;REP004;;EnterpriseApplication;;EAPP004;;;;;;;;;;;
TeamsInEnterpriseApplication;TMSEAPP001;2021-09-17T17:23:24.280Z;;;FALSE;;;;TeamsInEnterpriseApplication;;;;;;Teams;;TMS001;;EnterpriseApplication;;EAPP004;;;;;;;;;;;
EnterpriseApplication;EAPP010;2021-09-17T17:23:24.280Z;https://www.contoso.com;;FALSE;Edm.Boolean;MS Fake Vacation;Edm.String;EnterpriseApplication;;;;;;;;;;;;;;;;;;;;;;;
SharePointCollection;SP0010;2021-09-17T17:12:17.175Z;https://www.microsoft.com/en-US/microsoft-365/sharepoint/collaboration;Edm.String;FALSE;Edm.Boolean;MS Fake Vacation Documents;Edm.String;SharePointCollection;Edm.String;;;;;;;;;;;;;;Edm.String;;;;;;;;
UserInEnterpriseApplication;USINEAPP0010;2021-09-17T17:23:24.280Z;;;FALSE;;Program Manager;;UserInEnterpriseApplication;;;;;;User;;U16;;EnterpriseApplication;;EAPP010;;;;;;;;;;;
UserInEnterpriseApplication;USINEAPP0011;2021-09-17T17:23:24.280Z;;;FALSE;;Developer;;UserInEnterpriseApplication;;;;;;User;;U12;;EnterpriseApplication;;EAPP010;;;;;;;;;;;
UserInEnterpriseApplication;USINEAPP0012;2021-09-17T17:23:24.280Z;;;FALSE;;Product Owner;;UserInEnterpriseApplication;;;;;;User;;U10;;EnterpriseApplication;;EAPP010;;;;;;;;;;;
Teams;TMS00102;2021-09-17T17:23:24.280Z;https://www.microsoft.com/en-US/microsoft-teams/;;FALSE;Edm.Boolean;MS Fake Vacation - Discussions;Edm.String;Teams;;;;;;;;;;;;;;;;;;;;;;;
Teams;TMS00103;2021-09-17T17:23:24.280Z;https://www.microsoft.com/en-US/microsoft-teams/;;FALSE;Edm.Boolean;MS Fake Vacation - Developers;Edm.String;Teams;;;;;;;;;;;;;;;;;;;;;;;
TeamsInEnterpriseApplication;TMSEAPP001;2021-09-17T17:23:24.280Z;;;FALSE;;;;TeamsInEnterpriseApplication;;;;;;Teams;;TMS00102;;EnterpriseApplication;;EAPP010;;;;;;;;;;;
TeamsInEnterpriseApplication;TMSEAPP001;2021-09-17T17:23:24.280Z;;;FALSE;;;;TeamsInEnterpriseApplication;;;;;;Teams;;TMS00103;;EnterpriseApplication;;EAPP010;;;;;;;;;;;
Tag;TAG0010;2021-01-12T17:33:56.417Z;https://portal.azure.com/;;FALSE;Edm.Boolean;App: MS Fake Vacation;Edm.String;Tag;Edm.String;;;;;;;;;;;;;;;;;;;;;;
Repos;REP00010;2021-09-17T17:23:24.280Z;https://github.com/nicolgit/whoiswho;;FALSE;Edm.Boolean;MS Fake Vacation Project;Edm.String;Repos;;;;;;;;;;;;;;;;;;;;;;;
ReposInEnterpriseApplication;REPEAPP0010;2021-09-17T17:23:24.280Z;;;FALSE;;;;ReposInEnterpriseApplication;;;;;;Repos;;REP00010;;EnterpriseApplication;;EAPP010;;;;;;;;;;;
Resource;R1011;2021-01-12T17:33:39.913Z;https://portal.azure.com/#blade/HubsExtension/BrowseAll;Edm.String;FALSE;Edm.Boolean;aks-ms-fake-vacation;Edm.String;Resource;Edm.String;;;;;;;;;;;;;Kubernetes Cluster;Edm.String;;;;;;;;
Resource;R1012;2021-01-12T17:33:39.913Z;https://portal.azure.com/#blade/HubsExtension/BrowseAll;Edm.String;FALSE;Edm.Boolean;agw-ms-fake-vacation;Edm.String;Resource;Edm.String;;;;;;;;;;;;;Application Gatewat;Edm.String;;;;;;;;
Resource;R1013;2021-01-12T17:33:39.913Z;https://portal.azure.com/#blade/HubsExtension/BrowseAll;Edm.String;FALSE;Edm.Boolean;cosmos-ms-fake-vacation;Edm.String;Resource;Edm.String;;;;;;;;;;;;;Cosmos DB;Edm.String;;;;;;;;
Resource;R1014;2021-01-12T17:33:39.913Z;https://portal.azure.com/#blade/HubsExtension/BrowseAll;Edm.String;FALSE;Edm.Boolean;samsfakevacation;Edm.String;Resource;Edm.String;;;;;;;;;;;;;Storage Account;Edm.String;;;;;;;;
Resource;R1015;2021-01-12T17:33:39.913Z;https://portal.azure.com/#blade/HubsExtension/BrowseAll;Edm.String;FALSE;Edm.Boolean;cdn-ms-fake-vacation;Edm.String;Resource;Edm.String;;;;;;;;;;;;;CDN Profile;Edm.String;;;;;;;;
Resource;R1016;2021-01-12T17:33:39.913Z;https://portal.azure.com/#blade/HubsExtension/BrowseAll;Edm.String;FALSE;Edm.Boolean;srch-ms-fake-vacation;Edm.String;Resource;Edm.String;;;;;;;;;;;;;Cognitive Search;Edm.String;;;;;;;;
TagInResource;TINRES00101;2021-01-12T17:34:15.203Z;;;FALSE;Edm.Boolean;;Edm.String;TagInResource;Edm.String;;;;;Tag;Edm.String;TAG0010;Edm.String;Resource;Edm.String;R1011;Edm.String;;;;;;;;;;
TagInResource;TINRES00102;2021-01-12T17:34:15.203Z;;;FALSE;Edm.Boolean;;Edm.String;TagInResource;Edm.String;;;;;Tag;Edm.String;TAG0010;Edm.String;Resource;Edm.String;R1012;Edm.String;;;;;;;;;;
TagInResource;TINRES00103;2021-01-12T17:34:15.203Z;;;FALSE;Edm.Boolean;;Edm.String;TagInResource;Edm.String;;;;;Tag;Edm.String;TAG0010;Edm.String;Resource;Edm.String;R1013;Edm.String;;;;;;;;;;
TagInResource;TINRES00104;2021-01-12T17:34:15.203Z;;;FALSE;Edm.Boolean;;Edm.String;TagInResource;Edm.String;;;;;Tag;Edm.String;TAG0010;Edm.String;Resource;Edm.String;R1014;Edm.String;;;;;;;;;;
TagInResource;TINRES00105;2021-01-12T17:34:15.203Z;;;FALSE;Edm.Boolean;;Edm.String;TagInResource;Edm.String;;;;;Tag;Edm.String;TAG0010;Edm.String;Resource;Edm.String;R1015;Edm.String;;;;;;;;;;
TagInResource;TINRES00106;2021-01-12T17:34:15.203Z;;;FALSE;Edm.Boolean;;Edm.String;TagInResource;Edm.String;;;;;Tag;Edm.String;TAG0010;Edm.String;Resource;Edm.String;R1016;Edm.String;;;;;;;;;;
TagsInEnterpriseApplication;TAGINEAPP0001;2021-01-12T17:34:15.203Z;;;FALSE;Edm.Boolean;;Edm.String;TagsInEnterpriseApplication;Edm.String;;;;;Tag;Edm.String;TAG0010;Edm.String;EnterpriseApplication;Edm.String;EAPP010;Edm.String;;;;;;;;;;
Subscription;S0210;2021-01-12T17:33:56.030Z;https://portal.azure.com/#blade/Microsoft_Azure_Billing/SubscriptionsBlade;Edm.String;FALSE;Edm.Boolean;MS Fake Vacation;Edm.String;Subscription;Edm.String;;;;;;;;;;;;;;;;;;;;;;
ResourceGroup;RG0110;2021-01-12T17:33:40.885Z;https://portal.azure.com/#blade/HubsExtension/BrowseResourceGroups;Edm.String;FALSE;Edm.Boolean;rg-ms-fake-vacation-development;Edm.String;ResourceGroup;Edm.String;;;;;;;;;;;;;;;;;;;;;;
ResourceGroup;RG0210;2021-01-12T17:33:40.885Z;https://portal.azure.com/#blade/HubsExtension/BrowseResourceGroups;Edm.String;FALSE;Edm.Boolean;rg-ms-fake-vacation-production;Edm.String;ResourceGroup;Edm.String;;;;;;;;;;;;;;;;;;;;;;
TagInResourceGroup;TINRG00110;2021-01-12T17:34:30.731Z;;;FALSE;Edm.Boolean;;Edm.String;TagInResourceGroup;Edm.String;;;;;Tag;Edm.String;TAG0010;Edm.String;ResourceGroup;Edm.String;RG0110;Edm.String;;;;;;;;;;
TagInResourceGroup;TINRG00210;2021-01-12T17:34:30.731Z;;;FALSE;Edm.Boolean;;Edm.String;TagInResourceGroup;Edm.String;;;;;Tag;Edm.String;TAG0010;Edm.String;ResourceGroup;Edm.String;RG0210;Edm.String;;;;;;;;;;
TagInSubscription;TINSUB00110;2021-01-12T17:34:46.688Z;;;FALSE;Edm.Boolean;;Edm.String;TagInSubscription;Edm.String;;;;;Tag;Edm.String;TAG0010;Edm.String;Subscription;Edm.String;S0210;Edm.String;;;;;;;;;;
